{
    "learning_rate": 0.001665178690909151,
    "dropout_rate": 0.19879498426660983,
    "num_filters": 13.761670136600777
}